series,winner,winner_smape,smape_OLS,smape_WBL,smape_Native3mGR,smape_SARIMAX,smape_XGBoost
Answerlink_Phone,WBL,0.6244949165086732,inf,0.6244949165086732,15.733184092569616,15.474735397679092,14.536971374354959
Answerlink_Chat,XGBoost,13.422265119798475,22.24316827026716,13.434519350524043,15.731201934836166,inf,13.422265119798475
